what,kind,bundleId,bundleVersion,description,time
stopped,bundle,org.eclipse.mylyn.help.ui,3.8.4.v20130429-0100,"org.eclipse.mylyn.help.ui",1383241049656
stopped,bundle,org.eclipse.mylyn.java.tasks,3.8.4.v20130429-0100,"org.eclipse.mylyn.java.tasks",1383241049656
stopped,bundle,org.eclipse.mylyn.tasks.bugs,3.8.4.v20130429-0100,"org.eclipse.mylyn.tasks.bugs",1383241049656
stopped,bundle,org.eclipse.mylyn.team.ui,3.8.4.v20130429-0100,"org.eclipse.mylyn.team.ui",1383241049657
stopped,bundle,org.eclipse.mylyn.wikitext.tasks.ui,1.7.4.v20130429-0100,"org.eclipse.mylyn.wikitext.tasks.ui",1383241049657
stopped,bundle,org.eclipse.mylyn.tasks.ui,3.8.4.v20130429-0100,"org.eclipse.mylyn.tasks.ui",1383241049657
stopped,bundle,org.eclipse.mylyn.commons.notifications.feed,1.0.4.v20130429-0100,"org.eclipse.mylyn.commons.notifications.feed",1383241049657
stopped,bundle,org.eclipse.equinox.jsp.jasper.registry,1.0.200.v20100503,"org.eclipse.equinox.jsp.jasper.registry",1383241049657
stopped,bundle,org.eclipse.equinox.jsp.jasper,1.0.300.v20110502,"org.eclipse.equinox.jsp.jasper",1383241049657
stopped,bundle,org.eclipse.equinox.http.servlet,1.1.200.v20110502,"org.eclipse.equinox.http.servlet",1383241049657
stopped,bundle,com.google.gdt.eclipse.designer.GWTExt,2.6.0.r37x201206111253,"com.google.gdt.eclipse.designer.GWTExt",1383241049657
stopped,bundle,com.google.gdt.eclipse.designer.GXT.databinding,2.6.0.r37x201206111253,"com.google.gdt.eclipse.designer.GXT.databinding",1383241049657
stopped,bundle,com.google.gdt.eclipse.designer.GXT,2.6.0.r37x201206111253,"com.google.gdt.eclipse.designer.GXT",1383241049657
stopped,bundle,com.google.gdt.eclipse.designer.SmartGWT,2.6.0.r37x201206111253,"com.google.gdt.eclipse.designer.SmartGWT",1383241049657
stopped,bundle,com.google.gdt.eclipse.designer.UiBinder.wizards,2.6.0.r37x201206111253,"com.google.gdt.eclipse.designer.UiBinder.wizards",1383241049657
stopped,bundle,com.google.gdt.eclipse.designer.launch,2.6.0.r37x201206111253,"com.google.gdt.eclipse.designer.launch",1383241049657
stopped,bundle,com.google.gdt.eclipse.designer.preferences,2.6.0.r37x201206111253,"com.google.gdt.eclipse.designer.preferences",1383241049657
stopped,bundle,com.google.gdt.eclipse.designer.wizards,2.6.0.r37x201206111253,"com.google.gdt.eclipse.designer.wizards",1383241049657
stopped,bundle,com.google.gdt.eclipse.designer.UiBinder,3.1.2.r37x201303061530,"com.google.gdt.eclipse.designer.UiBinder",1383241049658
stopped,bundle,com.google.gdt.eclipse.designer,3.1.2.r37x201303061530,"com.google.gdt.eclipse.designer",1383241049658
stopped,bundle,org.eclipse.compare.win32,1.0.200.I20110510-0800,"org.eclipse.compare.win32",1383241049658
stopped,bundle,org.eclipse.wst.jsdt.ui,1.1.102.v201201131900,"org.eclipse.wst.jsdt.ui",1383241049658
stopped,bundle,com.collabnet.subversion.merge,3.0.13,"com.collabnet.subversion.merge",1383241049659
stopped,bundle,org.tigris.subversion.subclipse.graph,1.1.1,"org.tigris.subversion.subclipse.graph",1383241049659
stopped,bundle,org.tigris.subversion.subclipse.tools.usage,1.1.0,"org.tigris.subversion.subclipse.tools.usage",1383241049660
stopped,bundle,org.tigris.subversion.subclipse.ui,1.8.21,"org.tigris.subversion.subclipse.ui",1383241049662
stopped,bundle,org.eclipse.egit.ui,1.3.0.201202151440-r,"org.eclipse.egit.ui",1383241049663
stopped,bundle,org.eclipse.egit.core,1.3.0.201202151440-r,"org.eclipse.egit.core",1383241049664
stopped,bundle,org.eclipse.equinox.p2.ui.sdk,1.0.200.v20110815-1419,"org.eclipse.equinox.p2.ui.sdk",1383241049664
stopped,bundle,org.eclipse.mylyn.ide.ant,3.8.4.v20130429-0100,"org.eclipse.mylyn.ide.ant",1383241049664
stopped,bundle,org.eclipse.ant.ui,3.5.101.v20120110-1739,"org.eclipse.ant.ui",1383241049665
stopped,bundle,org.eclipse.mylyn.java.ui,3.8.4.v20130429-0100,"org.eclipse.mylyn.java.ui",1383241049665
stopped,bundle,org.eclipse.jdt.junit,3.7.0.v20110928-1453,"org.eclipse.jdt.junit",1383241049665
stopped,bundle,org.eclipse.jdt.apt.ui,3.3.300.v20110305-1450,"org.eclipse.jdt.apt.ui",1383241049665
stopped,bundle,com.google.gdt.eclipse.platform.shared,3.1.0.v201208080120-rel-r37,"com.google.gdt.eclipse.platform.shared",1383241049665
stopped,bundle,org.eclipse.jpt.jpa.db,2.0.0.v201105030000,"org.eclipse.jpt.jpa.db",1383241049665
stopped,bundle,org.eclipse.datatools.enablement.jdt.classpath,1.0.1.v201107221501,"org.eclipse.datatools.enablement.jdt.classpath",1383241049665
stopped,bundle,org.eclipse.jdt.debug.ui,3.6.1.v20111006_r372,"org.eclipse.jdt.debug.ui",1383241049669
stopped,bundle,com.google.gdt.eclipse.designer.hosted.2_0.webkit,3.1.2.r37x201303061525,"com.google.gdt.eclipse.designer.hosted.2_0.webkit",1383241049669
stopped,bundle,com.google.gdt.eclipse.designer.hosted.2_0,3.1.2.r37x201303061525,"com.google.gdt.eclipse.designer.hosted.2_0",1383241049669
stopped,bundle,org.eclipse.wb.swing.databinding,1.5.0.r37x201206111310,"org.eclipse.wb.swing.databinding",1383241049669
stopped,bundle,org.eclipse.wb.core.databinding.xml,1.5.2.r37x201303061518,"org.eclipse.wb.core.databinding.xml",1383241049669
stopped,bundle,org.eclipse.wb.core.databinding,1.5.2.r37x201303061505,"org.eclipse.wb.core.databinding",1383241049669
stopped,bundle,org.eclipse.wb.swing.FormLayout,1.5.0.r37x201206111310,"org.eclipse.wb.swing.FormLayout",1383241049669
stopped,bundle,org.eclipse.wb.swing.MigLayout,1.5.0.r37x201206111310,"org.eclipse.wb.swing.MigLayout",1383241049669
stopped,bundle,org.eclipse.wb.swing.java6,1.5.0.r37x201206111310,"org.eclipse.wb.swing.java6",1383241049669
stopped,bundle,org.eclipse.wb.swing.jsr296,1.5.0.r37x201206111310,"org.eclipse.wb.swing.jsr296",1383241049669
stopped,bundle,org.eclipse.wb.swing,1.5.0.r37x201206111310,"org.eclipse.wb.swing",1383241049669
stopped,bundle,org.eclipse.wb.core.ui,1.5.2.r37x201303061516,"org.eclipse.wb.core.ui",1383241049669
stopped,bundle,org.eclipse.wb.core.xml,1.5.2.r37x201303061518,"org.eclipse.wb.core.xml",1383241049669
stopped,bundle,org.eclipse.wb.core.java,1.5.2.r37x201303061505,"org.eclipse.wb.core.java",1383241049669
stopped,bundle,org.eclipse.jdt.ui,3.7.2.v20120109-1427,"org.eclipse.jdt.ui",1383241049675
stopped,bundle,org.eclipse.wst.xsd.ui,1.2.404.v201105050216,"org.eclipse.wst.xsd.ui",1383241049676
stopped,bundle,org.eclipse.wst.dtd.ui,1.0.600.v201103171359,"org.eclipse.wst.dtd.ui",1383241049676
stopped,bundle,org.eclipse.wst.css.ui,1.0.601.v201201101544,"org.eclipse.wst.css.ui",1383241049676
stopped,bundle,org.eclipse.wst.xml.ui,1.1.202.v201112071516,"org.eclipse.wst.xml.ui",1383241049676
stopped,bundle,org.eclipse.wst.common.ui,1.1.500.v200911190730,"org.eclipse.wst.common.ui",1383241049676
stopped,bundle,org.eclipse.wst.sse.ui,1.3.2.v201201041522,"org.eclipse.wst.sse.ui",1383241049676
stopped,bundle,org.eclipse.search,3.7.0.v20110928-1504,"org.eclipse.search",1383241049911
stopped,bundle,org.eclipse.mylyn.commons.team,0.9.1.v20120412-0100,"org.eclipse.mylyn.commons.team",1383241049911
stopped,bundle,org.eclipse.ui.navigator.resources,3.4.300.v20110928-1505,"org.eclipse.ui.navigator.resources",1383241049911
stopped,bundle,org.eclipse.ltk.ui.refactoring,3.6.0.v20110928-1453,"org.eclipse.ltk.ui.refactoring",1383241049911
stopped,bundle,org.eclipse.mylyn.ide.ui,3.8.4.v20130429-0100,"org.eclipse.mylyn.ide.ui",1383241049911
stopped,bundle,org.eclipse.mylyn.resources.ui,3.8.4.v20130429-0100,"org.eclipse.mylyn.resources.ui",1383241049911
stopped,bundle,org.eclipse.team.cvs.ui,3.3.401.v20120126-1227,"org.eclipse.team.cvs.ui",1383241049912
stopped,bundle,org.eclipse.team.ui,3.6.101.R37x_v20111109-0800,"org.eclipse.team.ui",1383241049913
stopped,bundle,org.eclipse.compare,3.5.202.R37x_v20111109-0800,"org.eclipse.compare",1383241049913
stopped,bundle,org.eclipse.wst.common.snippets,1.2.100.v201103281740,"org.eclipse.wst.common.snippets",1383241049913
stopped,bundle,org.eclipse.ui.externaltools,3.2.0.v20111007_r372,"org.eclipse.ui.externaltools",1383241049913
stopped,bundle,org.eclipse.debug.ui,3.7.102.v20111129-1423_r372,"org.eclipse.debug.ui",1383241049934
stopped,bundle,org.eclipse.mylyn.commons.notifications.ui,1.0.4.v20130429-0100,"org.eclipse.mylyn.commons.notifications.ui",1383241049935
stopped,bundle,org.eclipse.mylyn.commons.repositories.ui,1.0.4.v20130429-0100,"org.eclipse.mylyn.commons.repositories.ui",1383241049935
stopped,bundle,org.eclipse.mylyn.context.ui,3.8.4.v20130429-0100,"org.eclipse.mylyn.context.ui",1383241049935
stopped,bundle,org.eclipse.mylyn.commons.workbench,3.8.4.v20130429-0100,"org.eclipse.mylyn.commons.workbench",1383241049935
stopped,bundle,org.eclipse.mylyn.wikitext.ui,1.7.4.v20130429-0100,"org.eclipse.mylyn.wikitext.ui",1383241049935
stopped,bundle,com.android.ide.eclipse.gldebugger,22.0.1.v201305230001--685705,"com.android.ide.eclipse.gldebugger",1383241049935
stopped,bundle,com.android.ide.eclipse.hierarchyviewer,22.0.1.v201305230001--685705,"com.android.ide.eclipse.hierarchyviewer",1383241049935
stopped,bundle,com.android.ide.eclipse.traceview,22.0.1.v201305230001--685705,"com.android.ide.eclipse.traceview",1383241049935
stopped,bundle,com.android.ide.eclipse.ddms,22.0.1.v201305230001--685705,"com.android.ide.eclipse.ddms",1383241049936
stopped,bundle,org.eclipse.ui.console,3.5.100.v20111007_r372,"org.eclipse.ui.console",1383241049937
stopped,bundle,org.eclipse.wb.layout.group,1.5.0.r37x201206111249,"org.eclipse.wb.layout.group",1383241049937
stopped,bundle,org.eclipse.wb.swt,1.5.0.r37x201206111304,"org.eclipse.wb.swt",1383241049937
stopped,bundle,com.google.gdt.eclipse.designer.hosted.2_2.webkit,3.1.2.r37x201303061525,"com.google.gdt.eclipse.designer.hosted.2_2.webkit",1383241049937
stopped,bundle,com.google.gdt.eclipse.designer.hosted.2_2,3.1.2.r37x201303061525,"com.google.gdt.eclipse.designer.hosted.2_2",1383241049937
stopped,bundle,com.google.gdt.eclipse.designer.hosted,3.1.2.r37x201303061525,"com.google.gdt.eclipse.designer.hosted",1383241049937
stopped,bundle,org.eclipse.wb.css,1.5.2.r37x201303061510,"org.eclipse.wb.css",1383241049937
stopped,bundle,org.eclipse.wb.os.win32,1.5.2.r37x201303061457,"org.eclipse.wb.os.win32",1383241049937
stopped,bundle,org.eclipse.wb.core,1.5.2.r37x201303061457,"org.eclipse.wb.core",1383241049937
stopped,bundle,com.stateofflow.eclipse.metrics,3.14.1.201104282140,"com.stateofflow.eclipse.metrics",1383241049937
stopped,bundle,org.eclipse.ui.editors,3.7.0.v20110928-1504,"org.eclipse.ui.editors",1383241049938
stopped,bundle,org.eclipse.ui.workbench.texteditor,3.7.0.v20110928-1504,"org.eclipse.ui.workbench.texteditor",1383241049938
stopped,bundle,org.eclipse.compare.core,3.5.200.I20110208-0800,"org.eclipse.compare.core",1383241049938
stopped,bundle,org.eclipse.datatools.connectivity.ui,1.2.2.v201111190813,"org.eclipse.datatools.connectivity.ui",1383241049938
stopped,bundle,org.eclipse.datatools.sqltools.editor.core,1.0.1.v201201131129,"org.eclipse.datatools.sqltools.editor.core",1383241049938
stopped,bundle,org.eclipse.datatools.sqltools.result,1.1.2.v201201131129,"org.eclipse.datatools.sqltools.result",1383241049938
stopped,bundle,org.eclipse.ui.views.log,1.0.200.v20110404,"org.eclipse.ui.views.log",1383241049938
stopped,bundle,org.eclipse.wst.validation.ui,1.2.300.v201201050300,"org.eclipse.wst.validation.ui",1383241049938
stopped,bundle,org.eclipse.wst.common.frameworks.ui,1.2.100.v201105122000,"org.eclipse.wst.common.frameworks.ui",1383241049938
stopped,bundle,org.eclipse.wst.common.modulecore.ui,1.0.102.v201201262000,"org.eclipse.wst.common.modulecore.ui",1383241049938
stopped,bundle,org.eclipse.emf.edit.ui,2.7.0.v20120130-0943,"org.eclipse.emf.edit.ui",1383241049938
activated,perspective,org.eclipse.jdt.ui,,"org.eclipse.jdt.ui.JavaPerspective",1383257176331
started,bundle,org.eclipse.osgi,3.7.2.v20120110-1415,"org.eclipse.osgi",1383257176333
started,bundle,org.eclipse.compare.core,3.5.200.I20110208-0800,"org.eclipse.compare.core",1383257176347
started,bundle,org.eclipse.core.contenttype,3.4.100.v20110423-0524,"org.eclipse.core.contenttype",1383257176370
started,bundle,org.eclipse.core.databinding.observable,1.4.0.I20110222-0800,"org.eclipse.core.databinding.observable",1383257176394
started,bundle,org.eclipse.core.expressions,3.4.300.v20110228,"org.eclipse.core.expressions",1383257176415
started,bundle,org.eclipse.core.filesystem,1.3.100.v20110423-0524,"org.eclipse.core.filesystem",1383257176423
started,bundle,org.eclipse.core.net,1.2.100.I20110511-0800,"org.eclipse.core.net",1383257176438
started,bundle,org.eclipse.core.runtime,3.7.0.v20110110,"org.eclipse.core.runtime",1383257176449
started,bundle,org.eclipse.core.runtime.compatibility,3.2.100.v20100505,"org.eclipse.core.runtime.compatibility",1383257176487
started,bundle,org.eclipse.core.runtime.compatibility.auth,3.2.200.v20110110,"org.eclipse.core.runtime.compatibility.auth",1383257176506
started,bundle,org.eclipse.epp.mpc.ui,1.1.1.I20110907-0947,"org.eclipse.epp.mpc.ui",1383257176535
started,bundle,org.eclipse.epp.usagedata.gathering,1.3.1.R201106061540,"org.eclipse.epp.usagedata.gathering",1383257176552
started,bundle,org.eclipse.epp.usagedata.recording,1.3.1.R201106061540,"org.eclipse.epp.usagedata.recording",1383257176566
started,bundle,org.eclipse.equinox.app,1.3.100.v20110321,"org.eclipse.equinox.app",1383257176588
started,bundle,org.eclipse.equinox.common,3.6.0.v20110523,"org.eclipse.equinox.common",1383257176614
started,bundle,org.eclipse.equinox.ds,1.3.1.R37x_v20110701,"org.eclipse.equinox.ds",1383257176642
started,bundle,org.eclipse.equinox.event,1.2.100.v20110502,"org.eclipse.equinox.event",1383257176652
started,bundle,org.eclipse.equinox.registry,3.5.101.R37x_v20110810-1611,"org.eclipse.equinox.registry",1383257176683
started,bundle,org.eclipse.equinox.security,1.1.1.R37x_v20110822-1018,"org.eclipse.equinox.security",1383257176718
started,bundle,org.eclipse.equinox.util,1.0.300.v20110502,"org.eclipse.equinox.util",1383257176724
started,bundle,org.eclipse.help,3.5.100.v20110426,"org.eclipse.help",1383257176803
started,bundle,org.eclipse.jdt.apt.core,3.3.500.v20110420-1015,"org.eclipse.jdt.apt.core",1383257176811
started,bundle,org.eclipse.jdt.apt.pluggable.core,1.0.400.v20110305-1450,"org.eclipse.jdt.apt.pluggable.core",1383257176826
started,bundle,org.eclipse.jsch.core,1.1.300.I20110514-0800,"org.eclipse.jsch.core",1383257176837
started,bundle,org.eclipse.team.core,3.6.0.I20110525-0800,"org.eclipse.team.core",1383257176854
started,bundle,org.eclipse.team.cvs.core,3.3.400.I20110510-0800,"org.eclipse.team.cvs.core",1383257176873
started,bundle,org.eclipse.ui.views.log,1.0.200.v20110404,"org.eclipse.ui.views.log",1383257176885
started,bundle,org.eclipse.update.configurator,3.3.100.v20100512,"org.eclipse.update.configurator",1383257176902
started,bundle,org.eclipse.update.core,3.2.500.v20110330,"org.eclipse.update.core",1383257176964
started,bundle,org.eclipse.update.scheduler,3.2.300.v20100512,"org.eclipse.update.scheduler",1383257176977
started,bundle,com.google.gdt.eclipse.designer.GXT,2.6.0.r37x201206111253,"com.google.gdt.eclipse.designer.GXT",1383257177040
started,bundle,com.google.gdt.eclipse.designer.SmartGWT,2.6.0.r37x201206111253,"com.google.gdt.eclipse.designer.SmartGWT",1383257177066
started,bundle,org.eclipse.pde.launching,3.6.0.v20110506,"org.eclipse.pde.launching",1383257177082
started,bundle,org.eclipse.pde.ui,3.6.100.v20110603,"org.eclipse.pde.ui",1383257177147
started,bundle,com.google.appengine.eclipse.core,3.1.0.v201208080120-rel-r37,"com.google.appengine.eclipse.core",1383257177147
started,bundle,com.google.gdt.eclipse.appengine.rpc,3.1.0.v201208080120-rel-r37,"com.google.gdt.eclipse.appengine.rpc",1383257177165
started,bundle,com.google.gdt.eclipse.core,3.1.0.v201208080120-rel-r37,"com.google.gdt.eclipse.core",1383257177172
started,bundle,com.google.gdt.eclipse.login,3.1.0.v201208080120-rel-r37,"com.google.gdt.eclipse.login",1383257177172
started,bundle,com.google.gdt.eclipse.managedapis,3.1.0.v201208080120-rel-r37,"com.google.gdt.eclipse.managedapis",1383257177173
started,bundle,com.google.gdt.eclipse.platform.e37,3.1.0.v201208080120-rel-r37,"com.google.gdt.eclipse.platform.e37",1383257177182
started,bundle,com.google.gdt.eclipse.suite.ext,3.1.0.v201208080120-rel-r37,"com.google.gdt.eclipse.suite.ext",1383257177183
started,bundle,com.google.gwt.eclipse.core,3.1.0.v201208080120-rel-r37,"com.google.gwt.eclipse.core",1383257177183
started,bundle,com.collabnet.subversion.merge,3.0.13,"com.collabnet.subversion.merge",1383257177268
started,bundle,org.tigris.subversion.clientadapter,1.8.6,"org.tigris.subversion.clientadapter",1383257177309
started,bundle,org.tigris.subversion.subclipse.core,1.8.22,"org.tigris.subversion.subclipse.core",1383257177329
started,bundle,org.tigris.subversion.subclipse.mylyn,3.0.0,"org.tigris.subversion.subclipse.mylyn",1383257177342
started,bundle,org.tigris.subversion.subclipse.tools.usage,1.1.0,"org.tigris.subversion.subclipse.tools.usage",1383257177342
started,bundle,org.tigris.subversion.subclipse.ui,1.8.21,"org.tigris.subversion.subclipse.ui",1383257177409
started,bundle,org.eclipse.equinox.simpleconfigurator,1.0.200.v20110815-1438,"org.eclipse.equinox.simpleconfigurator",1383257177422
started,bundle,com.android.ide.eclipse.adt,22.0.1.v201305230001--685705,"com.android.ide.eclipse.adt",1383257177422
started,bundle,com.android.ide.eclipse.base,22.0.1.v201305230001--685705,"com.android.ide.eclipse.base",1383257177423
started,bundle,com.google.gdt.eclipse.designer,3.1.2.r37x201303061530,"com.google.gdt.eclipse.designer",1383257177444
started,bundle,com.google.gdt.eclipse.designer.hosted,3.1.2.r37x201303061525,"com.google.gdt.eclipse.designer.hosted",1383257177444
started,bundle,com.google.gdt.eclipse.designer.hosted.2_2,3.1.2.r37x201303061525,"com.google.gdt.eclipse.designer.hosted.2_2",1383257177445
started,bundle,com.ibm.icu,4.4.2.v20110823,"com.ibm.icu",1383257177445
started,bundle,org.eclipse.compare,3.5.202.R37x_v20111109-0800,"org.eclipse.compare",1383257177492
started,bundle,org.eclipse.core.filebuffers,3.5.200.v20110928-1504,"org.eclipse.core.filebuffers",1383257177503
started,bundle,org.eclipse.core.jobs,3.5.101.v20120113-1953,"org.eclipse.core.jobs",1383257177516
started,bundle,org.eclipse.core.resources,3.7.101.v20120125-1505,"org.eclipse.core.resources",1383257177527
started,bundle,org.eclipse.core.variables,3.2.500.v20110928-1503,"org.eclipse.core.variables",1383257177559
started,bundle,org.eclipse.debug.core,3.7.1.v20111129-2031,"org.eclipse.debug.core",1383257177586
started,bundle,org.eclipse.egit.core,1.3.0.201202151440-r,"org.eclipse.egit.core",1383257177593
started,bundle,org.eclipse.egit.ui,1.3.0.201202151440-r,"org.eclipse.egit.ui",1383257177621
started,bundle,org.eclipse.equinox.p2.core,2.1.1.v20120113-1346,"org.eclipse.equinox.p2.core",1383257177636
started,bundle,org.eclipse.equinox.p2.directorywatcher,1.0.300.v20110815-1419,"org.eclipse.equinox.p2.directorywatcher",1383257177651
started,bundle,org.eclipse.equinox.p2.reconciler.dropins,1.1.100.v20110815-1419,"org.eclipse.equinox.p2.reconciler.dropins",1383257177674
started,bundle,org.eclipse.equinox.preferences,3.4.2.v20120111-2020,"org.eclipse.equinox.preferences",1383257177676
started,bundle,org.eclipse.jdt.core,3.7.3.v20120119-1537,"org.eclipse.jdt.core",1383257177713
started,bundle,org.eclipse.jdt.core.manipulation,1.4.0.v20110928-1453,"org.eclipse.jdt.core.manipulation",1383257177723
started,bundle,org.eclipse.jdt.launching,3.6.1.v20111006_r372,"org.eclipse.jdt.launching",1383257177739
started,bundle,org.eclipse.jdt.ui,3.7.2.v20120109-1427,"org.eclipse.jdt.ui",1383257177739
started,bundle,org.eclipse.jface,3.7.0.v20110928-1505,"org.eclipse.jface",1383257177759
started,bundle,org.eclipse.jgit,1.3.0.201202151440-r,"org.eclipse.jgit",1383257177759
started,bundle,org.eclipse.ltk.core.refactoring,3.5.201.r372_v20111101-0700,"org.eclipse.ltk.core.refactoring",1383257177774
started,bundle,org.eclipse.ltk.ui.refactoring,3.6.0.v20110928-1453,"org.eclipse.ltk.ui.refactoring",1383257177850
started,bundle,org.eclipse.m2e.logback.configuration,1.0.200.20111228-1245,"org.eclipse.m2e.logback.configuration",1383257177867
started,bundle,org.eclipse.mylyn.bugzilla.core,3.8.4.v20130429-0100,"org.eclipse.mylyn.bugzilla.core",1383257177902
started,bundle,org.eclipse.mylyn.bugzilla.ui,3.8.4.v20130429-0100,"org.eclipse.mylyn.bugzilla.ui",1383257177908
started,bundle,org.eclipse.mylyn.commons.core,3.8.4.v20130429-0100,"org.eclipse.mylyn.commons.core",1383257177931
started,bundle,org.eclipse.mylyn.commons.net,3.8.4.v20130429-0100,"org.eclipse.mylyn.commons.net",1383257177931
started,bundle,org.eclipse.mylyn.commons.notifications.core,1.0.4.v20130429-0100,"org.eclipse.mylyn.commons.notifications.core",1383257177972
started,bundle,org.eclipse.mylyn.commons.notifications.feed,1.0.4.v20130429-0100,"org.eclipse.mylyn.commons.notifications.feed",1383257178017
started,bundle,org.eclipse.mylyn.commons.notifications.ui,1.0.4.v20130429-0100,"org.eclipse.mylyn.commons.notifications.ui",1383257178029
started,bundle,org.eclipse.mylyn.commons.ui,3.8.4.v20130429-0100,"org.eclipse.mylyn.commons.ui",1383257178060
started,bundle,org.eclipse.mylyn.commons.workbench,3.8.4.v20130429-0100,"org.eclipse.mylyn.commons.workbench",1383257178081
started,bundle,org.eclipse.mylyn.context.core,3.8.4.v20130429-0100,"org.eclipse.mylyn.context.core",1383257178129
started,bundle,org.eclipse.mylyn.context.tasks.ui,3.8.4.v20130429-0100,"org.eclipse.mylyn.context.tasks.ui",1383257178140
started,bundle,org.eclipse.mylyn.monitor.ui,3.8.4.v20130429-0100,"org.eclipse.mylyn.monitor.ui",1383257178150
started,bundle,org.eclipse.mylyn.tasks.index.core,3.8.4.v20130429-0100,"org.eclipse.mylyn.tasks.index.core",1383257178164
started,bundle,org.eclipse.mylyn.tasks.ui,3.8.4.v20130429-0100,"org.eclipse.mylyn.tasks.ui",1383257178202
started,bundle,org.eclipse.search,3.7.0.v20110928-1504,"org.eclipse.search",1383257178256
started,bundle,org.eclipse.team.cvs.ui,3.3.401.v20120126-1227,"org.eclipse.team.cvs.ui",1383257178301
started,bundle,org.eclipse.team.ui,3.6.101.R37x_v20111109-0800,"org.eclipse.team.ui",1383257178321
started,bundle,org.eclipse.ui,3.7.0.v20110928-1505,"org.eclipse.ui",1383257178347
started,bundle,org.eclipse.ui.console,3.5.100.v20111007_r372,"org.eclipse.ui.console",1383257178407
started,bundle,org.eclipse.ui.editors,3.7.0.v20110928-1504,"org.eclipse.ui.editors",1383257178407
started,bundle,org.eclipse.ui.forms,3.5.101.v20111011-1919,"org.eclipse.ui.forms",1383257178420
started,bundle,org.eclipse.ui.ide,3.7.0.v20110928-1505,"org.eclipse.ui.ide",1383257178443
started,bundle,org.eclipse.ui.net,1.2.100.v20111208-1155,"org.eclipse.ui.net",1383257178460
started,bundle,org.eclipse.ui.views,3.6.0.v20110928-1505,"org.eclipse.ui.views",1383257178497
started,bundle,org.eclipse.ui.workbench,3.7.1.v20120104-1859,"org.eclipse.ui.workbench",1383257178510
started,bundle,org.eclipse.ui.workbench.texteditor,3.7.0.v20110928-1504,"org.eclipse.ui.workbench.texteditor",1383257178522
started,bundle,org.eclipse.wb.core,1.5.2.r37x201303061457,"org.eclipse.wb.core",1383257178545
started,bundle,org.eclipse.wb.core.java,1.5.2.r37x201303061505,"org.eclipse.wb.core.java",1383257178590
started,bundle,org.eclipse.wb.core.lib,1.5.2.r37x201303061457,"org.eclipse.wb.core.lib",1383257178619
os,sysinfo,,,"win32",1383257178621
arch,sysinfo,,,"x86_64",1383257178621
ws,sysinfo,,,"win32",1383257178622
locale,sysinfo,,,"en_US",1383257178622
processors,sysinfo,,,"8",1383257178622
java.runtime.name,sysinfo,,,"Java(TM) SE Runtime Environment",1383257178622
java.runtime.version,sysinfo,,,"1.7.0_11-b21",1383257178622
java.specification.name,sysinfo,,,"Java Platform API Specification",1383257178622
java.specification.vendor,sysinfo,,,"Oracle Corporation",1383257178622
java.specification.version,sysinfo,,,"1.7",1383257178622
java.vendor,sysinfo,,,"Oracle Corporation",1383257178622
java.version,sysinfo,,,"1.7.0_11",1383257178622
java.vm.info,sysinfo,,,"mixed mode",1383257178622
java.vm.name,sysinfo,,,"Java HotSpot(TM) 64-Bit Server VM",1383257178622
java.vm.specification.name,sysinfo,,,"Java Virtual Machine Specification",1383257178622
java.vm.specification.vendor,sysinfo,,,"Oracle Corporation",1383257178622
java.vm.specification.version,sysinfo,,,"1.7",1383257178622
java.vm.vendor,sysinfo,,,"Oracle Corporation",1383257178622
java.vm.version,sysinfo,,,"23.6-b04",1383257178622
started,bundle,org.eclipse.m2e.usagedata,1.0.200.20111228-1245,"org.eclipse.m2e.usagedata",1383257178641
opened,view,org.eclipse.ui.ide,3.7.0.v20110928-1505,"org.eclipse.ui.views.ProblemView",1383257179204
deactivated,workbench,org.eclipse.ui.workbench,3.7.1.v20120104-1859,"",1383257179547
activated,workbench,org.eclipse.ui.workbench,3.7.1.v20120104-1859,"",1383257180559
started,bundle,org.eclipse.debug.ui,3.7.102.v20111129-1423_r372,"org.eclipse.debug.ui",1383257181969
started,bundle,org.eclipse.jdt.debug,3.7.1.v20111006_r372,"org.eclipse.jdt.debug",1383257182230
started,bundle,org.eclipse.jdt.debug.ui,3.6.1.v20111006_r372,"org.eclipse.jdt.debug.ui",1383257182266
started,bundle,com.google.gdt.eclipse.maven,3.1.0.v201208080120-rel-r37,"com.google.gdt.eclipse.maven",1383257187677
started,bundle,com.google.gdt.eclipse.suite,3.1.0.v201208080120-rel-r37,"com.google.gdt.eclipse.suite",1383257187685
deactivated,workbench,org.eclipse.ui.workbench,3.7.1.v20120104-1859,"",1383257187956
activated,workbench,org.eclipse.ui.workbench,3.7.1.v20120104-1859,"",1383257188531
error,log,,,"Could not parse the XML file C:\\Users\\Javi\\AppData\\Local\\Temp\\site6428557144739677635xml",1383257188653
deactivated,workbench,org.eclipse.ui.workbench,3.7.1.v20120104-1859,"",1383257194869
started,bundle,org.eclipse.m2e.launching,1.0.200.20111228-1245,"org.eclipse.m2e.launching",1383257197259
started,bundle,com.google.gdt.eclipse.designer.UiBinder,3.1.2.r37x201303061530,"com.google.gdt.eclipse.designer.UiBinder",1383257200871
started,bundle,org.eclipse.equinox.p2.operations,2.1.1.R37x_v20111111,"org.eclipse.equinox.p2.operations",1383257200898
started,bundle,org.eclipse.equinox.p2.engine,2.1.1.R37x_v20111003,"org.eclipse.equinox.p2.engine",1383257200905
started,bundle,org.eclipse.equinox.p2.metadata,2.1.0.v20110815-1419,"org.eclipse.equinox.p2.metadata",1383257200912
started,bundle,org.eclipse.equinox.p2.repository,2.1.1.v20120113-1346,"org.eclipse.equinox.p2.repository",1383257200922
started,bundle,org.eclipse.equinox.p2.metadata.repository,1.2.0.v20110815-1419,"org.eclipse.equinox.p2.metadata.repository",1383257200938
started,bundle,org.eclipse.equinox.p2.ui.sdk.scheduler,1.0.100.v20110815-1419,"org.eclipse.equinox.p2.ui.sdk.scheduler",1383257200948
started,bundle,org.eclipse.equinox.p2.updatechecker,1.1.200.v20110815-1419,"org.eclipse.equinox.p2.updatechecker",1383257200948
started,bundle,org.eclipse.mylyn.team.ui,3.8.4.v20130429-0100,"org.eclipse.mylyn.team.ui",1383257200977
started,bundle,org.eclipse.wb.discovery.core,1.5.2.r37x201303061516,"org.eclipse.wb.discovery.core",1383257200985
started,bundle,org.eclipse.wb.discovery.ui,1.5.2.r37x201303061516,"org.eclipse.wb.discovery.ui",1383257201654
